<?xml version="1.0" encoding="utf-8"?>
<!DOCTYPE nta PUBLIC '-//Uppaal Team//DTD Flat System 1.1//EN' 'http://www.it.uu.se/research/group/darts/uppaal/flat-1_2.dtd'>
<nta>
	<declaration>// Place global declarations here.
int N;
int K;
int Th;
int j=0;
int PP:=1;
int P[10]={0,1,2,3,4,5,6,7,8,9};</declaration>
	<template>
		<name x="5" y="5">Template</name>
		<declaration>// Place local declarations here.</declaration>
		<location id="id0" x="-153" y="-76">
			<name x="-170" y="-110">start</name>
		</location>
		<location id="id1" x="8" y="-76">
			<name x="-26" y="-110">Nframes</name>
		</location>
		<location id="id2" x="144" y="-76" color="#00ffff">
			<name x="118" y="-110">YOLO</name>
		</location>
		<location id="id3" x="289" y="-76">
			<name x="229" y="-110">IOUandNONMAX</name>
		</location>
		<location id="id4" x="416" y="-76">
			<name x="374" y="-110">BOUNDINGBOX</name>
		</location>
		<location id="id5" x="561" y="-76">
			<name x="586" y="-85">VectorGeneration</name>
		</location>
		<location id="id6" x="561" y="221" color="#ffa500">
			<name x="578" y="229">EDist</name>
		</location>
		<location id="id7" x="357" y="221">
			<name x="332" y="238">Classification</name>
		</location>
		<location id="id8" x="187" y="153" color="#ff0000">
			<name x="170" y="170">High</name>
		</location>
		<location id="id9" x="187" y="263" color="#ffff00">
			<name x="178" y="280">Low</name>
		</location>
		<location id="id10" x="8" y="204">
			<name x="-25" y="221">classified</name>
		</location>
		<location id="id11" x="-153" y="204" color="#000000">
			<name x="-170" y="221">end</name>
		</location>
		<location id="id12" x="8" y="17">
			<name x="-93" y="17">EndOfFrame</name>
		</location>
		<init ref="id0"/>
		<transition>
			<source ref="id2"/>
			<target ref="id12"/>
			<label kind="guard" x="76" y="-34">PP==0</label>
		</transition>
		<transition>
			<source ref="id12"/>
			<target ref="id0"/>
		</transition>
		<transition>
			<source ref="id11"/>
			<target ref="id0"/>
		</transition>
		<transition>
			<source ref="id2"/>
			<target ref="id3"/>
			<label kind="guard" x="195" y="-93">PP==1</label>
		</transition>
		<transition>
			<source ref="id10"/>
			<target ref="id7"/>
			<label kind="guard" x="170" y="110">K&gt;0</label>
			<nail x="119" y="127"/>
			<nail x="246" y="127"/>
		</transition>
		<transition>
			<source ref="id10"/>
			<target ref="id11"/>
			<label kind="guard" x="-127" y="178">(N&lt;=0)&amp;(K==0)</label>
		</transition>
		<transition>
			<source ref="id12"/>
			<target ref="id1"/>
		</transition>
		<transition>
			<source ref="id10"/>
			<target ref="id12"/>
			<label kind="guard" x="-102" y="102">(N&gt;0)&amp;(K==0)</label>
		</transition>
		<transition>
			<source ref="id9"/>
			<target ref="id10"/>
			<label kind="assignment" x="93" y="246">K:=K-1</label>
		</transition>
		<transition>
			<source ref="id8"/>
			<target ref="id10"/>
			<label kind="assignment" x="102" y="178">K:=K-1</label>
		</transition>
		<transition color="#ffff00">
			<source ref="id7"/>
			<target ref="id9"/>
			<label kind="guard" x="255" y="246">P[j]&gt;Th</label>
			<label kind="assignment" x="255" y="263">j:=j+1</label>
		</transition>
		<transition color="#ff0000">
			<source ref="id7"/>
			<target ref="id8"/>
			<label kind="guard" x="221" y="187">P[j]&lt;=Th</label>
			<label kind="assignment" x="221" y="204">j:=j+1</label>
		</transition>
		<transition>
			<source ref="id6"/>
			<target ref="id7"/>
			<label kind="assignment" x="442" y="195">K:=10</label>
		</transition>
		<transition>
			<source ref="id5"/>
			<target ref="id6"/>
			<label kind="assignment" x="569" y="51">Th:=5</label>
		</transition>
		<transition>
			<source ref="id4"/>
			<target ref="id5"/>
			<label kind="assignment" x="467" y="-68">j:=0</label>
		</transition>
		<transition>
			<source ref="id3"/>
			<target ref="id4"/>
		</transition>
		<transition>
			<source ref="id1"/>
			<target ref="id2"/>
			<label kind="assignment" x="51" y="-76">N:=N-1</label>
			<nail x="110" y="-76"/>
		</transition>
		<transition>
			<source ref="id0"/>
			<target ref="id1"/>
			<label kind="assignment" x="-102" y="-68">N:=10</label>
		</transition>
	</template>
	<system>// Place template instantiations here.
Process = Template();
// List one or more processes to be composed into a system.
system Process;
    </system>
	<queries>
		<query>
			<formula>E&lt;&gt; ((P[j] &gt; Th) &amp; Process.Low )</formula>
			<comment></comment>
		</query>
		<query>
			<formula>E&lt;&gt; ((P[j] &lt;= Th) &amp; Process.High )</formula>
			<comment></comment>
		</query>
		<query>
			<formula>E&lt;&gt;( (PP==1) &amp; (Process.High | Process.Low))</formula>
			<comment></comment>
		</query>
		<query>
			<formula>E&lt;&gt; (Process.High | Process.Low)</formula>
			<comment></comment>
		</query>
		<query>
			<formula>E&lt;&gt; Process.classified</formula>
			<comment></comment>
		</query>
		<query>
			<formula>A[] not deadlock
</formula>
			<comment></comment>
		</query>
	</queries>
</nta>
